text,category
Apple Watch Series 9 GPS smartwatch with fitness tracking,Electronics_SmartWatch
Samsung Galaxy Watch 6 AMOLED smartwatch,Electronics_SmartWatch
Noise ColorFit smart watch heart rate monitor,Electronics_SmartWatch
Fire-Boltt smart watch bluetooth calling,Electronics_SmartWatch
Boat Xtend smart watch with Alexa support,Electronics_SmartWatch
Amazfit fitness smart watch waterproof,Electronics_SmartWatch
Fastrack smart watch with step counter,Electronics_SmartWatch
Realme smart watch long battery life,Electronics_SmartWatch
Garmin smart watch GPS sports edition,Electronics_SmartWatch
Huawei smart watch AMOLED display,Electronics_SmartWatch
Smart watch with SpO2 and sleep tracking,Electronics_SmartWatch
Touch screen smart watch stainless steel,Electronics_SmartWatch
Kids smart watch GPS tracker,Electronics_SmartWatch
Women smart watch rose gold finish,Electronics_SmartWatch
Smart watch wireless charging,Electronics_SmartWatch
Smart watch with customizable watch faces,Electronics_SmartWatch
Fitness band smart watch hybrid,Electronics_SmartWatch
Smart watch compatible with Android iOS,Electronics_SmartWatch
Premium smart watch leather strap,Electronics_SmartWatch
Budget smart watch with notifications,Electronics_SmartWatch
Canon DSLR camera 24MP with lens,Electronics_Camera
Nikon DSLR camera professional photography,Electronics_Camera
Sony mirrorless camera 4K video,Electronics_Camera
GoPro action camera waterproof,Electronics_Camera
Instant polaroid camera portable,Electronics_Camera
Digital camera compact travel,Electronics_Camera
DSLR camera tripod kit,Electronics_Camera
Camera lens 50mm prime,Electronics_Camera
Security camera WiFi smart home,Electronics_Camera
360 degree action camera,Electronics_Camera
Camera stabilizer gimbal handheld,Electronics_Camera
Camera memory card high speed,Electronics_Camera
Professional video camera camcorder,Electronics_Camera
Wildlife trail camera night vision,Electronics_Camera
Kids digital camera fun design,Electronics_Camera
Vlogging camera with microphone,Electronics_Camera
Camera cleaning kit accessories,Electronics_Camera
DSLR camera backpack,Electronics_Camera
Camera flash external,Electronics_Camera
Compact mirrorless camera beginner,Electronics_Camera
Men running shoes lightweight,Fashion_Footwear
Women casual sneakers stylish,Fashion_Footwear
Men formal leather shoes,Fashion_Footwear
Women heels party wear,Fashion_Footwear
Kids school shoes comfortable,Fashion_Footwear
Sports shoes breathable mesh,Fashion_Footwear
Walking shoes cushioned sole,Fashion_Footwear
Flip flops rubber sole,Fashion_Footwear
Sandals men outdoor,Fashion_Footwear
Sandals women fashion,Fashion_Footwear
Boots men winter wear,Fashion_Footwear
Boots women ankle length,Fashion_Footwear
Ethnic footwear traditional jutti,Fashion_Footwear
Loafers men casual,Fashion_Footwear
Slip on shoes unisex,Fashion_Footwear
Gym training shoes,Fashion_Footwear
Hiking shoes rugged grip,Fashion_Footwear
Canvas shoes everyday wear,Fashion_Footwear
Formal office footwear men,Fashion_Footwear
Designer footwear women,Fashion_Footwear
Mystery thriller fiction novel,Books_Fiction
Romantic fiction love story,Books_Fiction
Science fiction space adventure,Books_Fiction
Fantasy fiction magic world,Books_Fiction
Historical fiction epic saga,Books_Fiction
Crime fiction detective story,Books_Fiction
Horror fiction supernatural tale,Books_Fiction
Young adult fiction bestseller,Books_Fiction
Short stories fiction collection,Books_Fiction
Classic fiction literature book,Books_Fiction
Adventure fiction journey novel,Books_Fiction
Drama fiction emotional story,Books_Fiction
Suspense fiction page turner,Books_Fiction
Fantasy fiction dragons magic,Books_Fiction
Contemporary fiction novel,Books_Fiction
Fiction novel paperback edition,Books_Fiction
Award winning fiction book,Books_Fiction
Psychological fiction thriller,Books_Fiction
Mythology based fiction book,Books_Fiction
Fiction novel hardcover,Books_Fiction
Physics textbook for engineering students,Books_Education
Mathematics problem solving book,Books_Education
Chemistry exam preparation guide,Books_Education
Biology reference textbook,Books_Education
Computer science programming book,Books_Education
Data structures and algorithms book,Books_Education
Machine learning educational book,Books_Education
Artificial intelligence basics textbook,Books_Education
School level science textbook,Books_Education
Competitive exam preparation book,Books_Education
Entrance exam guide book,Books_Education
English grammar learning book,Books_Education
Spoken English practice guide,Books_Education
Economics textbook college level,Books_Education
Accounting principles textbook,Books_Education
History educational reference book,Books_Education
Geography exam guide,Books_Education
Educational workbook practice,Books_Education
Coding interview preparation book,Books_Education
Statistics textbook for students,Books_Education
Dumbbells set for home workout,Sports_Fitness
Yoga mat anti slip,Sports_Fitness
Resistance bands fitness training,Sports_Fitness
Treadmill electric running machine,Sports_Fitness
Exercise bike indoor cycling,Sports_Fitness
Skipping rope adjustable,Sports_Fitness
Fitness gloves gym training,Sports_Fitness
Protein shaker bottle,Sports_Fitness
Pull up bar door mount,Sports_Fitness
Ab roller exercise equipment,Sports_Fitness
Foam roller muscle recovery,Sports_Fitness
Weight lifting barbell rod,Sports_Fitness
Kettlebell cast iron,Sports_Fitness
Fitness tracker band,Sports_Fitness
Gym bag sports backpack,Sports_Fitness
Yoga block foam,Sports_Fitness
Punching bag boxing training,Sports_Fitness
Fitness bench adjustable,Sports_Fitness
Running shoes sports,Sports_Fitness
Home gym workout kit,Sports_Fitness
Car mobile holder dashboard mount,Automotive_Accessories
Car seat cover leather,Automotive_Accessories
Car vacuum cleaner portable,Automotive_Accessories
Car air freshener fragrance,Automotive_Accessories
Car charger fast charging,Automotive_Accessories
Car dash camera HD,Automotive_Accessories
Car sunshade window,Automotive_Accessories
Car steering wheel cover,Automotive_Accessories
Car floor mats rubber,Automotive_Accessories
Bike helmet safety,Automotive_Accessories
Bike mobile holder,Automotive_Accessories
Car cleaning kit,Automotive_Accessories
Car perfume premium,Automotive_Accessories
Car tyre inflator portable,Automotive_Accessories
Car jump starter,Automotive_Accessories
Car windshield wiper,Automotive_Accessories
Bike riding gloves,Automotive_Accessories
Car audio stereo system,Automotive_Accessories
Reverse parking camera,Automotive_Accessories
Car toolkit emergency,Automotive_Accessories
Wall clock modern design,Home_Decor
Decorative wall painting canvas,Home_Decor
LED string lights decoration,Home_Decor
Flower vase ceramic,Home_Decor
Showpiece home decor item,Home_Decor
Photo frame wooden,Home_Decor
Indoor plant artificial,Home_Decor
Decorative mirror wall,Home_Decor
Table lamp bedside decor,Home_Decor
Cushion covers decorative,Home_Decor
Curtains living room,Home_Decor
Wall shelves decor,Home_Decor
Decorative candles set,Home_Decor
Rugs and carpets home,Home_Decor
Statue decor centerpiece,Home_Decor
Hanging decor wall,Home_Decor
Fairy lights warm white,Home_Decor
Home decor figurines,Home_Decor
Wall decals stickers,Home_Decor
Decorative centerpiece bowl,Home_Decor
Dog food premium nutrition,Pet_Supplies
Cat food dry pellets,Pet_Supplies
Pet water bowl stainless steel,Pet_Supplies
Dog leash adjustable,Pet_Supplies
Pet grooming brush,Pet_Supplies
Pet shampoo mild formula,Pet_Supplies
Dog chew toys rubber,Pet_Supplies
Cat litter box,Pet_Supplies
Pet bed soft cushion,Pet_Supplies
Dog collar reflective,Pet_Supplies
Pet carrier travel bag,Pet_Supplies
Pet feeding bottle,Pet_Supplies
Aquarium fish food,Pet_Supplies
Bird cage accessories,Pet_Supplies
Pet nail cutter,Pet_Supplies
Dog training pads,Pet_Supplies
Pet vitamins supplements,Pet_Supplies
Cat scratching post,Pet_Supplies
Pet toy squeaky,Pet_Supplies
Dog harness comfort fit,Pet_Supplies
